{"train/learning_rate": 0.0007, "train/n_updates": 99, "train/explained_variance": -0.0003865957260131836, "train/entropy_loss": -1.2843856811523438, "train/policy_loss": -19.579607009887695, "train/value_loss": 615.5391845703125, "time/iterations": 100, "rollout/ep_rew_mean": -138.90204566666668, "rollout/ep_len_mean": 106.0, "time/fps": 160, "time/time_elapsed": 3, "time/total_timesteps": 500}
{"train/learning_rate": 0.0007, "train/n_updates": 199, "train/explained_variance": -0.0014685392379760742, "train/entropy_loss": -1.313962697982788, "train/policy_loss": -2.1729586124420166, "train/value_loss": 3.9408180713653564, "time/iterations": 200, "rollout/ep_rew_mean": -249.23942450000004, "rollout/ep_len_mean": 122.375, "time/fps": 241, "time/time_elapsed": 4, "time/total_timesteps": 1000}
